<?xml version="1.0" encoding="UTF-8"?>
<Styles>
    <Style ID="F5329932-C38D-4F45-8CB9-BE226B151420" Name="Title" Type="Para+Char" FontChange="Size">
        <Format><![CDATA[{\rtf1\ansi\ansicpg1252\uc1\deff0
{\fonttbl{\f0\fnil\fcharset0\fprq2 Calibri;}}
{\colortbl;\red0\green0\blue0;\red255\green255\blue255;\red128\green128\blue128;}
\paperw12240\paperh15840\margl1800\margr1800\margt1440\margb1440\deftab1200\f0\fs56\cf0
\pard\plain \tx560\tx1120\tx1680\tx2240\tx2800\tx3360\tx3920\tx4480\tx5040\tx5600\tx6160\tx6720\sb260\sl262\slmult1\ltrch\loch {\f0\fs56\b0\i0 Attributes}}]]></Format>
    </Style>
    <Style ID="B70299FD-7B66-451B-AF97-43BC2A60A796" Name="Heading 1" Shortcut="4" Type="Para+Char" FontChange="Size">
        <Format><![CDATA[{\rtf1\ansi\ansicpg1252\uc1\deff0
{\fonttbl{\f0\fnil\fcharset0\fprq2 Calibri-Bold;}}
{\colortbl;\red0\green0\blue0;\red255\green255\blue255;\red128\green128\blue128;}
\paperw12240\paperh15840\margl1800\margr1800\margt1440\margb1440\deftab1200\f0\fs36\cf0
\pard\plain \tx560\tx1120\tx1680\tx2240\tx2800\tx3360\tx3920\tx4480\tx5040\tx5600\tx6160\tx6720\sb260\sl262\slmult1\ltrch\loch {\f0\fs36\b1\i0 <$Scr_H::1>Attributes<!$Scr_H::1>}}]]></Format>
    </Style>
    <Style ID="6F47EE90-3CEE-4D45-8421-74C6230AF477" Name="Heading 2" Shortcut="5" Type="Para+Char" FontChange="Size">
        <Format><![CDATA[{\rtf1\ansi\ansicpg1252\uc1\deff0
{\fonttbl{\f0\fnil\fcharset0\fprq2 Calibri-Bold;}}
{\colortbl;\red0\green0\blue0;\red255\green255\blue255;\red128\green128\blue128;}
\paperw12240\paperh15840\margl1800\margr1800\margt1440\margb1440\deftab1200\f0\fs26\cf0
\pard\plain \tx560\tx1120\tx1680\tx2240\tx2800\tx3360\tx3920\tx4480\tx5040\tx5600\tx6160\tx6720\sb260\sl262\slmult1\ltrch\loch {\f0\fs26\b1\i0 <$Scr_H::2>Attributes<!$Scr_H::2>}}]]></Format>
    </Style>
    <Style ID="3441C373-CD9A-44E4-A52B-2E9B085DC411" Name="Centered Text" Shortcut="1" Type="Para">
        <Format><![CDATA[{\rtf1\ansi\ansicpg1252\uc1\deff0
{\fonttbl{\f0\fnil\fcharset0\fprq2 Calibri;}}
{\colortbl;\red0\green0\blue0;\red255\green255\blue255;\red128\green128\blue128;}
\paperw12240\paperh15840\margl1800\margr1800\margt1440\margb1440\deftab1200\f0\fs26\cf0
\pard\plain \tx360\tx720\tx1080\tx1440\tx1800\tx2160\tx2880\tx3600\tx4320\sl262\slmult1\qc\ltrch\loch {\f0\fs26\b0\i0 Attributes}}]]></Format>
    </Style>
    <Style ID="92104113-B126-47FE-8342-DF4EDAF31E85" Name="Block Quote" Shortcut="2" Type="Para" FontChange="Size">
        <Format><![CDATA[{\rtf1\ansi\ansicpg1252\uc1\deff0
{\fonttbl{\f0\fnil\fcharset0\fprq2 ArialMT;}}
{\colortbl;\red0\green0\blue0;\red255\green255\blue255;\red128\green128\blue128;}
\paperw12240\paperh15840\margl1800\margr1800\margt1440\margb1440\deftab1200\f0\fs24\cf0
\pard\plain \tx720\tx1080\tx1440\li720\sa240\sb240\sl262\slmult1\ltrch\loch {\f0\fs24\b0\i0 Attributes}}]]></Format>
    </Style>
    <Style ID="719979A8-3BE4-4960-B698-636016EEF914" Name="Attribution" Type="Para" FontChange="Size">
        <Format><![CDATA[{\rtf1\ansi\ansicpg1252\uc1\deff0
{\fonttbl{\f0\fnil\fcharset0\fprq2 ArialMT;}}
{\colortbl;\red0\green0\blue0;\red255\green255\blue255;\red128\green128\blue128;}
\paperw12240\paperh15840\margl1800\margr1800\margt1440\margb1440\deftab1200\f0\fs24\cf0
\pard\plain \tx720\tx1080\tx1440\li720\sa240\sl264\slmult1\qr\ltrch\loch {\f0\fs24\b0\i0 Attributes}}]]></Format>
    </Style>
    <Style ID="29FAE6F0-BF17-4E53-A050-1BD8C16F387B" Name="Code Block" Next="29FAE6F0-BF17-4E53-A050-1BD8C16F387B" Type="Para+Char" FontChange="Face+Size">
        <Format><![CDATA[{\rtf1\ansi\ansicpg1252\uc1\deff0
{\fonttbl{\f0\fnil\fcharset0\fprq2 Consolas;}}
{\colortbl;\red0\green0\blue0;\red255\green255\blue255;\red128\green128\blue128;}
\paperw12240\paperh15840\margl1800\margr1800\margt1440\margb1440\deftab1200\f0\fs22\cf0
\pard\plain \tx720\tx1080\tx1440\tx1800\tx2160\li720\ltrch\loch {\f0\fs22\b0\i0 Attributes}}]]></Format>
    </Style>
    <Style ID="A6170C07-E5A3-433A-90BC-28410532ED95" Name="Verse" Next="A6170C07-E5A3-433A-90BC-28410532ED95" Type="Para" FontChange="Size">
        <Format><![CDATA[{\rtf1\ansi\ansicpg1252\uc1\deff0
{\fonttbl{\f0\fnil\fcharset0\fprq2 Calibri;}}
{\colortbl;\red0\green0\blue0;\red255\green255\blue255;\red128\green128\blue128;}
\paperw12240\paperh15840\margl1800\margr1800\margt1440\margb1440\deftab1200\f0\fs24\cf0
\pard\plain \sl264\slmult1\qc\ltrch\loch {\f0\fs24\b0\i0 Attributes}}]]></Format>
    </Style>
    <Style ID="5B7C7024-94B5-411F-9DA6-708190327F33" Name="Code Span" Type="Char" FontChange="Face+Size">
        <Format><![CDATA[{\rtf1\ansi\ansicpg1252\uc1\deff0
{\fonttbl{\f0\fnil\fcharset0\fprq2 Consolas;}}
{\colortbl;\red0\green0\blue0;\red255\green255\blue255;\red128\green128\blue128;}
\paperw12240\paperh15840\margl1800\margr1800\margt1440\margb1440\deftab1200\f0\fs22\cf0
\pard\plain \tx0\tx360\tx720\tx1080\tx1440\tx1800\tx2160\tx2880\tx3600\tx4320\fi720\ltrch\loch {\f0\fs22\b0\i0 Attributes}}]]></Format>
    </Style>
    <Style ID="D24C693A-4F7E-40E6-8624-C08F6EE5D289" Name="Caption" Shortcut="3" Type="Para" FontChange="Size">
        <Format><![CDATA[{\rtf1\ansi\ansicpg1252\uc1\deff0
{\fonttbl{\f0\fnil\fcharset0\fprq2 ArialMT;}}
{\colortbl;\red0\green0\blue0;\red255\green255\blue255;\red128\green128\blue128;}
\paperw12240\paperh15840\margl1800\margr1800\margt1440\margb1440\deftab1200\f0\fs26\cf0
\pard\plain \tx560\tx1120\tx1680\tx2240\tx2800\tx3360\tx3920\tx4480\tx5040\tx5600\tx6160\tx6720\sa160\sl262\slmult1\qc\ltrch\loch {\f0\fs26\b0\i0 Attributes}}]]></Format>
    </Style>
    <Style ID="C60EEA66-29D0-48BA-ACEE-6BFC69821E22" Name="Emphasis" Type="Char">
        <Format><![CDATA[{\rtf1\ansi\ansicpg1252\uc1\deff0
{\fonttbl{\f0\fnil\fcharset0\fprq2 Calibri-Italic;}}
{\colortbl;\red0\green0\blue0;\red255\green255\blue255;\red128\green128\blue128;}
\paperw12240\paperh15840\margl1800\margr1800\margt1440\margb1440\deftab1200\f0\fs24\cf0
\pard\plain \tx0\tx360\tx720\tx1080\tx1440\tx1800\tx2160\tx2880\tx3600\tx4320\fi720\ltrch\loch {\f0\fs24\b0\i1 Attributes}}]]></Format>
    </Style>
</Styles>
